ts_utc,h1_bar_utc,pair,dir
2026-06-26T16:00:00+00:00,2026-06-26T16:00:00+00:00,USDJPY,LONG
2026-06-28T21:00:00+00:00,2026-06-28T21:00:00+00:00,GBPCHF,LONG
2026-06-28T21:00:00+00:00,2026-06-28T21:00:00+00:00,USDJPY,LONG
2026-06-29T06:00:00+00:00,2026-06-29T06:00:00+00:00,GBPCAD,LONG
2026-06-29T09:00:00+00:00,2026-06-29T09:00:00+00:00,USDJPY,LONG
2026-06-29T10:00:00+00:00,2026-06-29T10:00:00+00:00,GBPCAD,LONG
2026-06-29T12:00:00+00:00,2026-06-29T12:00:00+00:00,GBPCHF,LONG
2026-06-29T13:00:00+00:00,2026-06-29T13:00:00+00:00,GBPCAD,LONG
2026-06-29T13:00:00+00:00,2026-06-29T13:00:00+00:00,USDJPY,LONG
2026-06-29T14:00:00+00:00,2026-06-29T14:00:00+00:00,GBPCHF,LONG
2026-06-29T18:00:00+00:00,2026-06-29T18:00:00+00:00,USDJPY,LONG
2026-06-29T20:00:00+00:00,2026-06-29T20:00:00+00:00,GBPCAD,LONG
2026-06-30T00:00:00+00:00,2026-06-30T00:00:00+00:00,USDJPY,LONG
2026-06-30T05:00:00+00:00,2026-06-30T05:00:00+00:00,GBPCHF,LONG
2026-06-30T15:00:00+00:00,2026-06-30T15:00:00+00:00,USDJPY,LONG
2026-07-01T00:00:00+00:00,2026-07-01T00:00:00+00:00,USDJPY,LONG
2026-07-01T03:00:00+00:00,2026-07-01T03:00:00+00:00,USDJPY,LONG
2026-07-01T07:00:00+00:00,2026-07-01T07:00:00+00:00,GBPCHF,LONG
2026-07-01T08:00:00+00:00,2026-07-01T08:00:00+00:00,GBPCAD,LONG
2026-07-01T12:00:00+00:00,2026-07-01T12:00:00+00:00,GBPCHF,LONG
2026-07-01T14:00:00+00:00,2026-07-01T14:00:00+00:00,GBPCAD,LONG
2026-07-01T19:00:00+00:00,2026-07-01T19:00:00+00:00,GBPCHF,LONG
2026-07-02T03:00:00+00:00,2026-07-02T03:00:00+00:00,GBPCAD,LONG
2026-07-02T05:00:00+00:00,2026-07-02T05:00:00+00:00,GBPCAD,LONG
2026-07-02T07:00:00+00:00,2026-07-02T07:00:00+00:00,GBPCAD,LONG
2026-07-02T14:00:00+00:00,2026-07-02T14:00:00+00:00,GBPCAD,LONG
2026-07-03T07:00:00+00:00,2026-07-03T07:00:00+00:00,GBPCAD,LONG
2026-07-03T11:00:00+00:00,2026-07-03T11:00:00+00:00,GBPCAD,LONG
2026-07-03T14:00:00+00:00,2026-07-03T14:00:00+00:00,USDJPY,LONG
2026-07-03T16:00:00+00:00,2026-07-03T16:00:00+00:00,GBPCHF,LONG
2026-07-03T19:00:00+00:00,2026-07-03T19:00:00+00:00,GBPCHF,LONG
2026-07-06T00:00:00+00:00,2026-07-06T00:00:00+00:00,GBPJPY,LONG
2026-07-06T00:00:00+00:00,2026-07-06T00:00:00+00:00,USDJPY,LONG
2026-07-06T04:00:00+00:00,2026-07-06T04:00:00+00:00,USDJPY,LONG
2026-07-06T05:00:00+00:00,2026-07-06T05:00:00+00:00,GBPCHF,LONG
2026-07-06T07:00:00+00:00,2026-07-06T07:00:00+00:00,GBPCAD,LONG
2026-07-06T09:00:00+00:00,2026-07-06T09:00:00+00:00,USDJPY,LONG
2026-07-06T10:00:00+00:00,2026-07-06T10:00:00+00:00,GBPCHF,LONG
2026-07-06T12:00:00+00:00,2026-07-06T12:00:00+00:00,GBPCAD,LONG
2026-07-06T12:00:00+00:00,2026-07-06T12:00:00+00:00,GBPJPY,LONG
2026-07-06T14:00:00+00:00,2026-07-06T14:00:00+00:00,GBPJPY,LONG
2026-07-06T16:00:00+00:00,2026-07-06T16:00:00+00:00,GBPCAD,LONG
2026-07-06T19:00:00+00:00,2026-07-06T19:00:00+00:00,GBPCHF,LONG
2026-07-07T00:00:00+00:00,2026-07-07T00:00:00+00:00,GBPCHF,LONG
2026-07-07T01:00:00+00:00,2026-07-07T01:00:00+00:00,GBPCAD,LONG
2026-07-07T05:00:00+00:00,2026-07-07T05:00:00+00:00,GBPCHF,LONG
2026-07-07T07:00:00+00:00,2026-07-07T07:00:00+00:00,GBPCHF,LONG
2026-07-07T21:00:00+00:00,2026-07-07T21:00:00+00:00,USDJPY,LONG
2026-07-07T23:00:00+00:00,2026-07-07T23:00:00+00:00,USDJPY,LONG
2026-07-08T08:00:00+00:00,2026-07-08T08:00:00+00:00,USDJPY,LONG
2026-07-08T13:00:00+00:00,2026-07-08T13:00:00+00:00,GBPCHF,LONG
2026-07-08T13:00:00+00:00,2026-07-08T13:00:00+00:00,GBPJPY,LONG
2026-07-08T14:00:00+00:00,2026-07-08T14:00:00+00:00,USDJPY,LONG
2026-07-08T16:00:00+00:00,2026-07-08T16:00:00+00:00,GBPCAD,LONG
2026-07-08T16:00:00+00:00,2026-07-08T16:00:00+00:00,GBPJPY,LONG
2026-07-09T06:00:00+00:00,2026-07-09T06:00:00+00:00,GBPCAD,LONG
2026-07-09T06:00:00+00:00,2026-07-09T06:00:00+00:00,GBPJPY,LONG
2026-07-09T06:00:00+00:00,2026-07-09T06:00:00+00:00,NZDCAD,LONG
2026-07-09T08:00:00+00:00,2026-07-09T08:00:00+00:00,NZDCHF,LONG
2026-07-09T08:00:00+00:00,2026-07-09T08:00:00+00:00,NZDJPY,LONG
2026-07-09T12:00:00+00:00,2026-07-09T12:00:00+00:00,NZDCAD,LONG
2026-07-09T12:00:00+00:00,2026-07-09T12:00:00+00:00,NZDCHF,LONG
2026-07-09T12:00:00+00:00,2026-07-09T12:00:00+00:00,NZDJPY,LONG
2026-07-09T15:00:00+00:00,2026-07-09T15:00:00+00:00,NZDCAD,LONG
2026-07-09T15:00:00+00:00,2026-07-09T15:00:00+00:00,NZDCHF,LONG
2026-07-09T15:00:00+00:00,2026-07-09T15:00:00+00:00,NZDJPY,LONG
2026-07-09T17:00:00+00:00,2026-07-09T17:00:00+00:00,NZDCAD,LONG
2026-07-09T17:00:00+00:00,2026-07-09T17:00:00+00:00,NZDJPY,LONG
2026-07-09T23:00:00+00:00,2026-07-09T23:00:00+00:00,NZDCAD,LONG
2026-07-09T23:00:00+00:00,2026-07-09T23:00:00+00:00,NZDJPY,LONG
2026-07-10T00:00:00+00:00,2026-07-10T00:00:00+00:00,NZDCHF,LONG
2026-07-10T01:00:00+00:00,2026-07-10T01:00:00+00:00,GBPCAD,LONG
2026-07-10T09:00:00+00:00,2026-07-10T09:00:00+00:00,NZDCHF,LONG
2026-07-10T10:00:00+00:00,2026-07-10T10:00:00+00:00,GBPCAD,LONG
2026-07-10T10:00:00+00:00,2026-07-10T10:00:00+00:00,GBPCHF,LONG
2026-07-12T22:00:00+00:00,2026-07-12T22:00:00+00:00,USDJPY,LONG
2026-07-13T00:00:00+00:00,2026-07-13T00:00:00+00:00,USDJPY,LONG
2026-07-13T01:00:00+00:00,2026-07-13T01:00:00+00:00,NZDCHF,LONG
2026-07-13T01:00:00+00:00,2026-07-13T01:00:00+00:00,NZDJPY,LONG
2026-07-13T05:00:00+00:00,2026-07-13T05:00:00+00:00,GBPJPY,LONG
2026-07-13T05:00:00+00:00,2026-07-13T05:00:00+00:00,USDJPY,LONG
2026-07-13T07:00:00+00:00,2026-07-13T07:00:00+00:00,NZDJPY,LONG
2026-07-13T08:00:00+00:00,2026-07-13T08:00:00+00:00,NZDCAD,LONG
2026-07-13T08:00:00+00:00,2026-07-13T08:00:00+00:00,NZDCHF,LONG
2026-07-13T11:00:00+00:00,2026-07-13T11:00:00+00:00,NZDCHF,LONG
2026-07-13T12:00:00+00:00,2026-07-13T12:00:00+00:00,GBPCHF,LONG
2026-07-13T12:00:00+00:00,2026-07-13T12:00:00+00:00,NZDJPY,LONG
2026-07-13T14:00:00+00:00,2026-07-13T14:00:00+00:00,GBPCHF,LONG
2026-07-13T14:00:00+00:00,2026-07-13T14:00:00+00:00,USDCHF,LONG
2026-07-13T16:00:00+00:00,2026-07-13T16:00:00+00:00,USDCHF,LONG
2026-07-13T16:00:00+00:00,2026-07-13T16:00:00+00:00,USDJPY,LONG
2026-07-13T20:00:00+00:00,2026-07-13T20:00:00+00:00,USDCHF,LONG
2026-07-13T22:00:00+00:00,2026-07-13T22:00:00+00:00,NZDCHF,LONG
2026-07-14T01:00:00+00:00,2026-07-14T01:00:00+00:00,NZDJPY,LONG
2026-07-14T02:00:00+00:00,2026-07-14T02:00:00+00:00,NZDCAD,LONG
2026-07-14T02:00:00+00:00,2026-07-14T02:00:00+00:00,NZDCHF,LONG
2026-07-14T05:00:00+00:00,2026-07-14T05:00:00+00:00,NZDCHF,LONG
2026-07-14T08:00:00+00:00,2026-07-14T08:00:00+00:00,GBPJPY,LONG
2026-07-14T09:00:00+00:00,2026-07-14T09:00:00+00:00,NZDJPY,LONG
2026-07-14T11:00:00+00:00,2026-07-14T11:00:00+00:00,GBPJPY,LONG
2026-07-14T12:00:00+00:00,2026-07-14T12:00:00+00:00,NZDJPY,LONG
2026-07-15T01:00:00+00:00,2026-07-15T01:00:00+00:00,NZDCHF,LONG
2026-07-15T01:00:00+00:00,2026-07-15T01:00:00+00:00,NZDJPY,LONG
2026-07-15T03:00:00+00:00,2026-07-15T03:00:00+00:00,GBPCHF,LONG
2026-07-15T04:00:00+00:00,2026-07-15T04:00:00+00:00,GBPJPY,LONG
2026-07-15T05:00:00+00:00,2026-07-15T05:00:00+00:00,GBPCAD,LONG
2026-07-15T06:00:00+00:00,2026-07-15T06:00:00+00:00,GBPCHF,LONG
2026-07-15T07:00:00+00:00,2026-07-15T07:00:00+00:00,NZDCHF,LONG
2026-07-15T08:00:00+00:00,2026-07-15T08:00:00+00:00,NZDJPY,LONG
2026-07-15T08:00:00+00:00,2026-07-15T08:00:00+00:00,USDCHF,LONG
2026-07-15T09:00:00+00:00,2026-07-15T09:00:00+00:00,USDJPY,LONG
2026-07-15T10:00:00+00:00,2026-07-15T10:00:00+00:00,GBPCHF,LONG
2026-07-15T11:00:00+00:00,2026-07-15T11:00:00+00:00,GBPCAD,LONG
2026-07-15T11:00:00+00:00,2026-07-15T11:00:00+00:00,GBPJPY,LONG
2026-07-15T11:00:00+00:00,2026-07-15T11:00:00+00:00,NZDCAD,LONG
2026-07-15T11:00:00+00:00,2026-07-15T11:00:00+00:00,NZDCHF,LONG
2026-07-15T12:00:00+00:00,2026-07-15T12:00:00+00:00,NZDJPY,LONG
2026-07-15T13:00:00+00:00,2026-07-15T13:00:00+00:00,GBPCAD,LONG
2026-07-15T13:00:00+00:00,2026-07-15T13:00:00+00:00,GBPJPY,LONG
2026-07-15T14:00:00+00:00,2026-07-15T14:00:00+00:00,GBPCHF,LONG
2026-07-15T14:00:00+00:00,2026-07-15T14:00:00+00:00,NZDJPY,LONG
2026-07-15T17:05:29+00:00,2026-07-15T16:00:00+00:00,GBPCHF,LONG
2026-07-16T06:05:26+00:00,2026-07-16T05:00:00+00:00,NZDCHF,LONG
2026-07-16T07:05:25+00:00,2026-07-16T06:00:00+00:00,NZDJPY,LONG
2026-07-16T09:05:24+00:00,2026-07-16T08:00:00+00:00,USDCHF,LONG
2026-07-16T09:05:24+00:00,2026-07-16T08:00:00+00:00,NZDCHF,LONG
2026-07-16T13:05:28+00:00,2026-07-16T12:00:00+00:00,USDCHF,LONG
2026-07-16T15:05:33+00:00,2026-07-16T14:00:00+00:00,USDCHF,LONG
2026-07-16T15:05:33+00:00,2026-07-16T14:00:00+00:00,NZDJPY,LONG
2026-07-16T15:05:33+00:00,2026-07-16T14:00:00+00:00,NZDCHF,LONG
2026-07-16T17:05:25+00:00,2026-07-16T16:00:00+00:00,USDCHF,LONG
2026-07-17T16:05:26+00:00,2026-07-17T15:00:00+00:00,NZDJPY,LONG
2026-07-19T22:05:28+00:00,2026-07-19T21:00:00+00:00,USDCHF,LONG
2026-07-20T00:05:37+00:00,2026-07-19T23:00:00+00:00,NZDCHF,LONG
2026-07-20T03:05:27+00:00,2026-07-20T02:00:00+00:00,NZDJPY,LONG
2026-07-20T03:05:27+00:00,2026-07-20T02:00:00+00:00,NZDCHF,LONG
2026-07-20T03:05:27+00:00,2026-07-20T02:00:00+00:00,NZDCAD,LONG
2026-07-20T08:05:27+00:00,2026-07-20T07:00:00+00:00,NZDCAD,LONG
2026-07-20T12:05:24+00:00,2026-07-20T11:00:00+00:00,NZDCHF,LONG
2026-07-20T12:05:24+00:00,2026-07-20T11:00:00+00:00,NZDCAD,LONG
2026-07-20T13:05:27+00:00,2026-07-20T12:00:00+00:00,USDCHF,LONG
2026-07-21T00:06:03+00:00,2026-07-20T23:00:00+00:00,NZDCHF,LONG
2026-07-21T00:06:03+00:00,2026-07-20T23:00:00+00:00,NZDCAD,LONG
2026-07-21T01:05:25+00:00,2026-07-21T00:00:00+00:00,NZDJPY,LONG
2026-07-21T14:05:28+00:00,2026-07-21T13:00:00+00:00,USDCHF,LONG
2026-07-21T19:05:29+00:00,2026-07-21T18:00:00+00:00,USDCHF,LONG
2026-07-22T15:05:30+00:00,2026-07-22T14:00:00+00:00,USDCHF,LONG
2026-07-22T17:05:27+00:00,2026-07-22T16:00:00+00:00,USDCHF,LONG
2026-07-22T17:05:27+00:00,2026-07-22T16:00:00+00:00,NZDCHF,LONG
2026-07-23T08:05:26+00:00,2026-07-23T07:00:00+00:00,USDJPY,LONG
2026-07-23T12:05:24+00:00,2026-07-23T11:00:00+00:00,USDJPY,LONG
2026-07-23T12:05:24+00:00,2026-07-23T11:00:00+00:00,USDCHF,LONG
2026-07-24T01:05:26+00:00,2026-07-24T00:00:00+00:00,NZDJPY,LONG
2026-07-24T07:05:24+00:00,2026-07-24T06:00:00+00:00,NZDCHF,LONG
2026-07-24T07:05:24+00:00,2026-07-24T06:00:00+00:00,NZDCAD,LONG
2026-07-24T08:05:27+00:00,2026-07-24T07:00:00+00:00,NZDJPY,LONG
2026-07-24T11:05:34+00:00,2026-07-24T10:00:00+00:00,NZDCHF,LONG
2026-07-24T12:05:24+00:00,2026-07-24T11:00:00+00:00,NZDCAD,LONG
2026-07-24T15:05:25+00:00,2026-07-24T14:00:00+00:00,NZDJPY,LONG
2026-07-24T15:05:25+00:00,2026-07-24T14:00:00+00:00,NZDCHF,LONG
2026-07-24T16:05:36+00:00,2026-07-24T15:00:00+00:00,NZDCAD,LONG
2026-07-27T13:05:27+00:00,2026-07-27T12:00:00+00:00,USDJPY,LONG
2026-07-27T13:05:27+00:00,2026-07-27T12:00:00+00:00,USDCHF,LONG
2026-07-27T13:05:27+00:00,2026-07-27T12:00:00+00:00,AUDCHF,LONG
2026-07-27T14:05:29+00:00,2026-07-27T13:00:00+00:00,EURCHF,LONG
2026-07-27T14:05:29+00:00,2026-07-27T13:00:00+00:00,CADCHF,LONG
2026-07-27T19:05:35+00:00,2026-07-27T18:00:00+00:00,USDJPY,LONG
2026-07-27T20:05:28+00:00,2026-07-27T19:00:00+00:00,AUDCHF,LONG
2026-07-27T23:05:27+00:00,2026-07-27T22:00:00+00:00,EURCHF,LONG
2026-07-28T00:05:25+00:00,2026-07-27T23:00:00+00:00,USDCHF,LONG
2026-07-28T05:05:26+00:00,2026-07-28T04:00:00+00:00,CADCHF,LONG
2026-07-28T08:05:35+00:00,2026-07-28T07:00:00+00:00,USDCHF,LONG
2026-07-28T08:05:35+00:00,2026-07-28T07:00:00+00:00,EURCHF,LONG
2026-07-28T08:05:35+00:00,2026-07-28T07:00:00+00:00,CADCHF,LONG
2026-07-28T10:05:26+00:00,2026-07-28T09:00:00+00:00,USDJPY,LONG
2026-07-28T10:05:26+00:00,2026-07-28T09:00:00+00:00,USDCHF,LONG
2026-07-28T10:05:26+00:00,2026-07-28T09:00:00+00:00,CADCHF,LONG
2026-07-28T18:05:31+00:00,2026-07-28T17:00:00+00:00,EURCHF,LONG
2026-07-29T11:05:25+00:00,2026-07-29T10:00:00+00:00,USDCHF,LONG
2026-07-29T15:07:16+00:00,2026-07-29T14:00:00+00:00,USDJPY,LONG
2026-07-29T17:24:23+00:00,2026-07-29T16:00:00+00:00,USDJPY,LONG
2026-07-30T08:05:24+00:00,2026-07-30T07:00:00+00:00,USDJPY,LONG
2026-07-30T08:05:24+00:00,2026-07-30T07:00:00+00:00,USDCHF,LONG
2026-07-31T06:05:25+00:00,2026-07-31T05:00:00+00:00,USDCHF,LONG
2026-07-31T10:05:27+00:00,2026-07-31T09:00:00+00:00,USDCHF,LONG
2026-07-31T21:05:33+00:00,2026-07-31T20:00:00+00:00,CHFJPY,SHORT
2026-08-03T01:05:27+00:00,2026-08-03T00:00:00+00:00,CHFJPY,SHORT
2026-08-03T15:05:27+00:00,2026-08-03T14:00:00+00:00,USDCHF,LONG
2026-08-03T21:05:35+00:00,2026-08-03T20:00:00+00:00,USDJPY,LONG
2026-08-03T23:05:26+00:00,2026-08-03T22:00:00+00:00,USDJPY,LONG
2026-08-04T03:05:28+00:00,2026-08-04T02:00:00+00:00,USDJPY,LONG
2026-08-04T08:05:29+00:00,2026-08-04T07:00:00+00:00,USDJPY,LONG
2026-08-04T10:05:29+00:00,2026-08-04T09:00:00+00:00,USDJPY,LONG
2026-08-05T09:05:30+00:00,2026-08-05T08:00:00+00:00,USDJPY,LONG
2026-08-05T09:05:30+00:00,2026-08-05T08:00:00+00:00,USDCHF,LONG
2026-08-06T07:05:34+00:00,2026-08-06T06:00:00+00:00,USDJPY,LONG
2026-08-06T07:05:34+00:00,2026-08-06T06:00:00+00:00,USDCHF,LONG
2026-08-06T07:05:34+00:00,2026-08-06T06:00:00+00:00,CHFJPY,SHORT
2026-08-06T10:05:28+00:00,2026-08-06T09:00:00+00:00,USDCHF,LONG
2026-08-06T10:05:28+00:00,2026-08-06T09:00:00+00:00,CHFJPY,SHORT
2026-08-06T15:05:31+00:00,2026-08-06T14:00:00+00:00,USDJPY,LONG
2026-08-10T13:05:35+00:00,2026-08-10T12:00:00+00:00,GBPCHF,LONG
2026-08-11T06:05:29+00:00,2026-08-11T05:00:00+00:00,GBPCHF,LONG
2026-08-11T18:05:35+00:00,2026-08-11T17:00:00+00:00,CHFJPY,SHORT
2026-08-12T04:05:35+00:00,2026-08-12T03:00:00+00:00,GBPCHF,LONG
2026-08-12T08:05:30+00:00,2026-08-12T07:00:00+00:00,GBPCHF,LONG
2026-08-12T08:05:30+00:00,2026-08-12T07:00:00+00:00,CHFJPY,SHORT
2026-08-13T02:05:27+00:00,2026-08-13T01:00:00+00:00,CHFJPY,SHORT
2026-08-13T04:05:28+00:00,2026-08-13T03:00:00+00:00,GBPCHF,LONG
2026-08-13T04:05:28+00:00,2026-08-13T03:00:00+00:00,CHFJPY,SHORT
2026-08-13T20:05:29+00:00,2026-08-13T19:00:00+00:00,GBPCHF,LONG
2026-08-14T08:05:26+00:00,2026-08-14T07:00:00+00:00,GBPCHF,LONG
2026-08-17T01:51:10+00:00,2026-08-17T00:00:00+00:00,NZDCHF,LONG
2026-08-17T06:05:28+00:00,2026-08-17T05:00:00+00:00,NZDCHF,LONG
2026-08-18T13:05:39+00:00,2026-08-18T12:00:00+00:00,GBPCHF,LONG
2026-08-20T14:06:00+00:00,2026-08-20T13:00:00+00:00,GBPCHF,LONG
2026-08-20T16:05:30+00:00,2026-08-20T15:00:00+00:00,GBPCHF,LONG
2026-08-21T09:05:29+00:00,2026-08-21T08:00:00+00:00,GBPCHF,LONG
2026-08-21T18:05:28+00:00,2026-08-21T17:00:00+00:00,GBPCHF,LONG
2026-08-27T07:05:27+00:00,2026-08-27T06:00:00+00:00,GBPCAD,LONG
2026-08-28T15:05:32+00:00,2026-08-28T14:00:00+00:00,GBPCAD,LONG
2026-09-01T06:05:31+00:00,2026-09-01T05:00:00+00:00,GBPCAD,LONG
2026-09-01T14:05:31+00:00,2026-09-01T13:00:00+00:00,GBPCAD,LONG
2026-09-01T15:05:29+00:00,2026-09-01T14:00:00+00:00,AUDCAD,LONG
2026-09-02T08:05:28+00:00,2026-09-02T07:00:00+00:00,GBPCAD,LONG
2026-09-02T08:05:28+00:00,2026-09-02T07:00:00+00:00,AUDCAD,LONG
2026-09-02T14:05:29+00:00,2026-09-02T13:00:00+00:00,EURAUD,SHORT
2026-09-02T22:05:28+00:00,2026-09-02T21:00:00+00:00,EURAUD,SHORT
2026-09-03T11:05:30+00:00,2026-09-03T10:00:00+00:00,EURAUD,SHORT
2026-09-03T13:05:32+00:00,2026-09-03T12:00:00+00:00,EURAUD,SHORT
2026-09-03T13:05:32+00:00,2026-09-03T12:00:00+00:00,AUDCAD,LONG
2026-09-04T02:05:28+00:00,2026-09-04T01:00:00+00:00,EURAUD,SHORT
2026-09-04T02:05:28+00:00,2026-09-04T01:00:00+00:00,AUDCAD,LONG
2026-09-04T13:05:35+00:00,2026-09-04T12:00:00+00:00,AUDCAD,LONG
